Workbook

Sheet ALL_BY_GOVERNORATE
A1: Governorate | B1: TOTAL LEBANESE | C1: All Lebanese Female | D1: All Lebanese Male | E1: TOTAL PALESTINIANS | F1: Palestinian Refugees in Lebanon (PRL) | G1: Palestinian Refugees from Syrian (PRS) | H1: All Palestinian Female | I1: All Palestinian Male | J1: TOTAL SYRIANS | K1: All Syrians Female | L1: All Syrians Male | M1: TOTAL MIGRANTS | N1: All Syrians Female | O1: All Syrians Male | P1: TOTAL POPULATION | Q1: Age 0 - 4 | R1: 5 - 9 | S1: 10 - 14 | T1: 15 - 19 | U1: 20 - 24 | V1: 25 - 29 | W1: 30 - 34 | X1: 35 - 39 | Y1: 40 - 44 | Z1: 45 - 49 | AA1: 50 - 54 | AB1: 55 - 59 | AC1: 60 - 64 | AD1: 65 - 69 | AE1: 70 - 74 | AF1: 75 - 79 | AG1: 80 - 84 | AH1: 85 and above
A2: Akkar | B2: 296722 | C2: 147487 | D2: 149235 | E2: 27116 | F2: 25733 | G2: 1383 | H2: 13933 | I2: 13183 | J2: 159782 | K2: 80746 | L2: 79036 | M2: 1145 | N2: 929 | O2: 216 | P2: 484765 | Q2: =LEB_BY_GOVERNORATE!$F2+SYR_BY_GOVERNORATE!$F2+PAL_BY_GOVERNORATE!$L2 -> 53468 | R2: =LEB_BY_GOVERNORATE!G2+SYR_BY_GOVERNORATE!G2+PAL_BY_GOVERNORATE!M2 -> 63563 | S2: =LEB_BY_GOVERNORATE!H2+SYR_BY_GOVERNORATE!H2+PAL_BY_GOVERNORATE!N2 -> 55666 | T2: =LEB_BY_GOVERNORATE!I2+SYR_BY_GOVERNORATE!I2+PAL_BY_GOVERNORATE!O2 -> 52123 | U2: =LEB_BY_GOVERNORATE!J2+SYR_BY_GOVERNORATE!J2+PAL_BY_GOVERNORATE!P2 -> 44769 | V2: =LEB_BY_GOVERNORATE!K2+SYR_BY_GOVERNORATE!K2+PAL_BY_GOVERNORATE!Q2 -> 37321 | W2: =LEB_BY_GOVERNORATE!L2+SYR_BY_GOVERNORATE!L2+PAL_BY_GOVERNORATE!R2 -> 29818 | X2: =LEB_BY_GOVERNORATE!M2+SYR_BY_GOVERNORATE!M2+PAL_BY_GOVERNORATE!S2 -> 30228 | Y2: =LEB_BY_GOVERNORATE!N2+SYR_BY_GOVERNORATE!N2+PAL_BY_GOVERNORATE!T2 -> 27422 | ... AH2: =LEB_BY_GOVERNORATE!W2+SYR_BY_GOVERNORATE!W2+PAL_BY_GOVERNORATE!AC2 -> 1981
A3: Baalbek-El Hermel | B3: 220695 | C3: 114229 | D3: 106466 | E3: 4329 | F3: 3078 | G3: 1251 | H3: 2376 | I3: 1953 | J3: 185902 | K3: 96596 | L3: 89306 | M3: 2738 | N3: 2466 | O3: 272 | P3: 413664 | Q3: =LEB_BY_GOVERNORATE!$F3+SYR_BY_GOVERNORATE!$F3+PAL_BY_GOVERNORATE!$L3 -> 42550 | R3: =LEB_BY_GOVERNORATE!G3+SYR_BY_GOVERNORATE!G3+PAL_BY_GOVERNORATE!M3 -> 55062 | S3: =LEB_BY_GOVERNORATE!H3+SYR_BY_GOVERNORATE!H3+PAL_BY_GOVERNORATE!N3 -> 46071 | T3: =LEB_BY_GOVERNORATE!I3+SYR_BY_GOVERNORATE!I3+PAL_BY_GOVERNORATE!O3 -> 42873 | U3: =LEB_BY_GOVERNORATE!J3+SYR_BY_GOVERNORATE!J3+PAL_BY_GOVERNORATE!P3 -> 37147 | V3: =LEB_BY_GOVERNORATE!K3+SYR_BY_GOVERNORATE!K3+PAL_BY_GOVERNORATE!Q3 -> 29747 | W3: =LEB_BY_GOVERNORATE!L3+SYR_BY_GOVERNORATE!L3+PAL_BY_GOVERNORATE!R3 -> 24570 | X3: =LEB_BY_GOVERNORATE!M3+SYR_BY_GOVERNORATE!M3+PAL_BY_GOVERNORATE!S3 -> 24865 | Y3: =LEB_BY_GOVERNORATE!N3+SYR_BY_GOVERNORATE!N3+PAL_BY_GOVERNORATE!T3 -> 21946 | ... AH3: =LEB_BY_GOVERNORATE!W3+SYR_BY_GOVERNORATE!W3+PAL_BY_GOVERNORATE!AC3 -> 1777
A4: Beirut | B4: 237027 | C4: 128048 | D4: 108979 | E4: 7171 | F4: 6652 | G4: 519 | H4: 3593 | I4: 3578 | J4: 32892 | K4: 15657 | L4: 17235 | M4: 25920 | N4: 18109 | O4: 7811 | P4: 303010 | Q4: =LEB_BY_GOVERNORATE!$F4+SYR_BY_GOVERNORATE!$F4+PAL_BY_GOVERNORATE!$L4 -> 19890 | R4: =LEB_BY_GOVERNORATE!G4+SYR_BY_GOVERNORATE!G4+PAL_BY_GOVERNORATE!M4 -> 21188 | S4: =LEB_BY_GOVERNORATE!H4+SYR_BY_GOVERNORATE!H4+PAL_BY_GOVERNORATE!N4 -> 19674 | T4: =LEB_BY_GOVERNORATE!I4+SYR_BY_GOVERNORATE!I4+PAL_BY_GOVERNORATE!O4 -> 19438 | U4: =LEB_BY_GOVERNORATE!J4+SYR_BY_GOVERNORATE!J4+PAL_BY_GOVERNORATE!P4 -> 23535 | V4: =LEB_BY_GOVERNORATE!K4+SYR_BY_GOVERNORATE!K4+PAL_BY_GOVERNORATE!Q4 -> 23812 | W4: =LEB_BY_GOVERNORATE!L4+SYR_BY_GOVERNORATE!L4+PAL_BY_GOVERNORATE!R4 -> 20826 | X4: =LEB_BY_GOVERNORATE!M4+SYR_BY_GOVERNORATE!M4+PAL_BY_GOVERNORATE!S4 -> 17730 | Y4: =LEB_BY_GOVERNORATE!N4+SYR_BY_GOVERNORATE!N4+PAL_BY_GOVERNORATE!T4 -> 16058 | ... AH4: =LEB_BY_GOVERNORATE!W4+SYR_BY_GOVERNORATE!W4+PAL_BY_GOVERNORATE!AC4 -> 5187
A5: Bekaa | B5: 238604 | C5: 120727 | D5: 117877 | E5: 10495 | F5: 7519 | G5: 2976 | H5: 5475 | I5: 5020 | J5: 192649 | K5: 98595 | L5: 94054 | M5: 5591 | N5: 4984 | O5: 607 | P5: 447339 | Q5: =LEB_BY_GOVERNORATE!$F5+SYR_BY_GOVERNORATE!$F5+PAL_BY_GOVERNORATE!$L5 -> 43206 | R5: =LEB_BY_GOVERNORATE!G5+SYR_BY_GOVERNORATE!G5+PAL_BY_GOVERNORATE!M5 -> 56957 | S5: =LEB_BY_GOVERNORATE!H5+SYR_BY_GOVERNORATE!H5+PAL_BY_GOVERNORATE!N5 -> 48079 | T5: =LEB_BY_GOVERNORATE!I5+SYR_BY_GOVERNORATE!I5+PAL_BY_GOVERNORATE!O5 -> 43501 | U5: =LEB_BY_GOVERNORATE!J5+SYR_BY_GOVERNORATE!J5+PAL_BY_GOVERNORATE!P5 -> 39126 | V5: =LEB_BY_GOVERNORATE!K5+SYR_BY_GOVERNORATE!K5+PAL_BY_GOVERNORATE!Q5 -> 32253 | W5: =LEB_BY_GOVERNORATE!L5+SYR_BY_GOVERNORATE!L5+PAL_BY_GOVERNORATE!R5 -> 27684 | X5: =LEB_BY_GOVERNORATE!M5+SYR_BY_GOVERNORATE!M5+PAL_BY_GOVERNORATE!S5 -> 27051 | Y5: =LEB_BY_GOVERNORATE!N5+SYR_BY_GOVERNORATE!N5+PAL_BY_GOVERNORATE!T5 -> 23414 | ... AH5: =LEB_BY_GOVERNORATE!W5+SYR_BY_GOVERNORATE!W5+PAL_BY_GOVERNORATE!AC5 -> 2699
A6: Mount Lebanon | B6: 1573998 | C6: 810679 | D6: 763319 | E6: 3061 | F6: 2657 | G6: 404 | H6: 1523 | I6: 1538 | J6: 309374 | K6: 149452 | L6: 159922 | M6: 104313 | N6: 70607 | O6: 33706 | P6: 1990746 | Q6: =LEB_BY_GOVERNORATE!$F6+SYR_BY_GOVERNORATE!$F6+PAL_BY_GOVERNORATE!$L6 -> 150825 | R6: =LEB_BY_GOVERNORATE!G6+SYR_BY_GOVERNORATE!G6+PAL_BY_GOVERNORATE!M6 -> 171122 | S6: =LEB_BY_GOVERNORATE!H6+SYR_BY_GOVERNORATE!H6+PAL_BY_GOVERNORATE!N6 -> 149743 | T6: =LEB_BY_GOVERNORATE!I6+SYR_BY_GOVERNORATE!I6+PAL_BY_GOVERNORATE!O6 -> 150690 | U6: =LEB_BY_GOVERNORATE!J6+SYR_BY_GOVERNORATE!J6+PAL_BY_GOVERNORATE!P6 -> 166904 | V6: =LEB_BY_GOVERNORATE!K6+SYR_BY_GOVERNORATE!K6+PAL_BY_GOVERNORATE!Q6 -> 153082 | W6: =LEB_BY_GOVERNORATE!L6+SYR_BY_GOVERNORATE!L6+PAL_BY_GOVERNORATE!R6 -> 133507 | X6: =LEB_BY_GOVERNORATE!M6+SYR_BY_GOVERNORATE!M6+PAL_BY_GOVERNORATE!S6 -> 126763 | Y6: =LEB_BY_GOVERNORATE!N6+SYR_BY_GOVERNORATE!N6+PAL_BY_GOVERNORATE!T6 -> 109404 | ... AH6: =LEB_BY_GOVERNORATE!W6+SYR_BY_GOVERNORATE!W6+PAL_BY_GOVERNORATE!AC6 -> 20161
A7: El Nabatieh | B7: 314750 | C7: 160378 | D7: 154372 | E7: 41047 | F7: 35750 | G7: 5297 | H7: 21099 | I7: 19948 | J7: 37912 | K7: 18760 | L7: 19152 | M7: 5699 | N7: 3503 | O7: 2196 | P7: 399408 | Q7: =LEB_BY_GOVERNORATE!$F7+SYR_BY_GOVERNORATE!$F7+PAL_BY_GOVERNORATE!$L7 -> 32285 | R7: =LEB_BY_GOVERNORATE!G7+SYR_BY_GOVERNORATE!G7+PAL_BY_GOVERNORATE!M7 -> 39587 | S7: =LEB_BY_GOVERNORATE!H7+SYR_BY_GOVERNORATE!H7+PAL_BY_GOVERNORATE!N7 -> 39098 | T7: =LEB_BY_GOVERNORATE!I7+SYR_BY_GOVERNORATE!I7+PAL_BY_GOVERNORATE!O7 -> 37290 | U7: =LEB_BY_GOVERNORATE!J7+SYR_BY_GOVERNORATE!J7+PAL_BY_GOVERNORATE!P7 -> 34877 | V7: =LEB_BY_GOVERNORATE!K7+SYR_BY_GOVERNORATE!K7+PAL_BY_GOVERNORATE!Q7 -> 27356 | W7: =LEB_BY_GOVERNORATE!L7+SYR_BY_GOVERNORATE!L7+PAL_BY_GOVERNORATE!R7 -> 22300 | X7: =LEB_BY_GOVERNORATE!M7+SYR_BY_GOVERNORATE!M7+PAL_BY_GOVERNORATE!S7 -> 21786 | Y7: =LEB_BY_GOVERNORATE!N7+SYR_BY_GOVERNORATE!N7+PAL_BY_GOVERNORATE!T7 -> 20720 | ... AH7: =LEB_BY_GOVERNORATE!W7+SYR_BY_GOVERNORATE!W7+PAL_BY_GOVERNORATE!AC7 -> 4504
A8: North | B8: 540792 | C8: 279818 | D8: 260974 | E8: 20881 | F8: 18503 | G8: 2378 | H8: 10810 | I8: 10071 | J8: 126799 | K8: 62888 | L8: 63911 | M8: 6899 | N8: 5635 | O8: 1264 | P8: 695371 | Q8: =LEB_BY_GOVERNORATE!$F8+SYR_BY_GOVERNORATE!$F8+PAL_BY_GOVERNORATE!$L8 -> 59230 | R8: =LEB_BY_GOVERNORATE!G8+SYR_BY_GOVERNORATE!G8+PAL_BY_GOVERNORATE!M8 -> 71866 | S8: =LEB_BY_GOVERNORATE!H8+SYR_BY_GOVERNORATE!H8+PAL_BY_GOVERNORATE!N8 -> 66174 | T8: =LEB_BY_GOVERNORATE!I8+SYR_BY_GOVERNORATE!I8+PAL_BY_GOVERNORATE!O8 -> 64594 | U8: =LEB_BY_GOVERNORATE!J8+SYR_BY_GOVERNORATE!J8+PAL_BY_GOVERNORATE!P8 -> 63746 | V8: =LEB_BY_GOVERNORATE!K8+SYR_BY_GOVERNORATE!K8+PAL_BY_GOVERNORATE!Q8 -> 51848 | W8: =LEB_BY_GOVERNORATE!L8+SYR_BY_GOVERNORATE!L8+PAL_BY_GOVERNORATE!R8 -> 44239 | X8: =LEB_BY_GOVERNORATE!M8+SYR_BY_GOVERNORATE!M8+PAL_BY_GOVERNORATE!S8 -> 41269 | Y8: =LEB_BY_GOVERNORATE!N8+SYR_BY_GOVERNORATE!N8+PAL_BY_GOVERNORATE!T8 -> 38280 | ... AH8: =LEB_BY_GOVERNORATE!W8+SYR_BY_GOVERNORATE!W8+PAL_BY_GOVERNORATE!AC8 -> 5083
A9: South | B9: 441708 | C9: 231754 | D9: 209954 | E9: 110691 | F9: 101244 | G9: 9447 | H9: 58380 | I9: 52311 | J9: 74690 | K9: 37579 | L9: 37111 | M9: 11792 | N9: 7822 | O9: 3970 | P9: 638881 | Q9: =LEB_BY_GOVERNORATE!$F9+SYR_BY_GOVERNORATE!$F9+PAL_BY_GOVERNORATE!$L9 -> 51805 | R9: =LEB_BY_GOVERNORATE!G9+SYR_BY_GOVERNORATE!G9+PAL_BY_GOVERNORATE!M9 -> 63939 | S9: =LEB_BY_GOVERNORATE!H9+SYR_BY_GOVERNORATE!H9+PAL_BY_GOVERNORATE!N9 -> 61430 | T9: =LEB_BY_GOVERNORATE!I9+SYR_BY_GOVERNORATE!I9+PAL_BY_GOVERNORATE!O9 -> 60783 | U9: =LEB_BY_GOVERNORATE!J9+SYR_BY_GOVERNORATE!J9+PAL_BY_GOVERNORATE!P9 -> 54895 | V9: =LEB_BY_GOVERNORATE!K9+SYR_BY_GOVERNORATE!K9+PAL_BY_GOVERNORATE!Q9 -> 45861 | W9: =LEB_BY_GOVERNORATE!L9+SYR_BY_GOVERNORATE!L9+PAL_BY_GOVERNORATE!R9 -> 39695 | X9: =LEB_BY_GOVERNORATE!M9+SYR_BY_GOVERNORATE!M9+PAL_BY_GOVERNORATE!S9 -> 38808 | Y9: =LEB_BY_GOVERNORATE!N9+SYR_BY_GOVERNORATE!N9+PAL_BY_GOVERNORATE!T9 -> 35545 | ... AH9: =LEB_BY_GOVERNORATE!W9+SYR_BY_GOVERNORATE!W9+PAL_BY_GOVERNORATE!AC9 -> 4100

Sheet ALL_BY_DISTRICT
A1: Governorate | B1: TOTAL LEBANESE | C1: All Lebanese Female | D1: All Lebanese Male | E1: TOTAL PALESTINIANS | F1: Palestinian Refugees in Lebanon (PRL) | G1: Palestinian Refugees from Syrian (PRS) | H1: All Palestinian Female | I1: All Palestinian Male | J1: TOTAL SYRIANS | K1: All Syrians Female | L1: All Syrians Male | M1: TOTAL MIGRANTS | N1: All Migrants Female | O1: All Migrants Male | P1: TOTAL POPULATION | Q1: Age 0 - 4 | R1: 5 - 9 | S1: 10 - 14 | T1: 15 - 19 | U1: 20 - 24 | V1: 25 - 29 | W1: 30 - 34 | X1: 35 - 39 | Y1: 40 - 44 | Z1: 45 - 49 | AA1: 50 - 54 | AB1: 55 - 59 | AC1: 60 - 64 | AD1: 65 - 69 | AE1: 70 - 74 | AF1: 75 - 79 | AG1: 80 - 84 | AH1: 85 and above
A2: Akkar | B2: 296722 | C2: 147487 | D2: 149235 | E2: 27116 | F2: 25733 | G2: 1383 | H2: 13933 | I2: 13183 | J2: 159782 | K2: 80746 | L2: 79036 | M2: 1145 | N2: 929 | O2: 216 | P2: 484765 | Q2: =LEB_BY_DISTRICT!F2+SYR_BY_DISTRICT!F2+PAL_BY_DISTRICT!L2 -> 53468 | R2: =LEB_BY_DISTRICT!G2+SYR_BY_DISTRICT!G2+PAL_BY_DISTRICT!M2 -> 63563 | S2: =LEB_BY_DISTRICT!H2+SYR_BY_DISTRICT!H2+PAL_BY_DISTRICT!N2 -> 55666 | T2: =LEB_BY_DISTRICT!I2+SYR_BY_DISTRICT!I2+PAL_BY_DISTRICT!O2 -> 52123 | U2: =LEB_BY_DISTRICT!J2+SYR_BY_DISTRICT!J2+PAL_BY_DISTRICT!P2 -> 44769 | V2: =LEB_BY_DISTRICT!K2+SYR_BY_DISTRICT!K2+PAL_BY_DISTRICT!Q2 -> 37321 | W2: =LEB_BY_DISTRICT!L2+SYR_BY_DISTRICT!L2+PAL_BY_DISTRICT!R2 -> 29818 | X2: =LEB_BY_DISTRICT!M2+SYR_BY_DISTRICT!M2+PAL_BY_DISTRICT!S2 -> 30228 | ... AH2: =LEB_BY_DISTRICT!W2+SYR_BY_DISTRICT!W2+PAL_BY_DISTRICT!AC2 -> 1981
A3: Baalbek | B3: 201126 | C3: 104430 | D3: 96696 | E3: 4329 | F3: 3078 | G3: 1251 | H3: 2376 | I3: 1953 | J3: 152628 | K3: 78424 | L3: 74204 | M3: 2229 | N3: 2012 | O3: 217 | P3: 360312 | Q3: =LEB_BY_DISTRICT!F3+SYR_BY_DISTRICT!F3+PAL_BY_DISTRICT!L3 -> 36834 | R3: =LEB_BY_DISTRICT!G3+SYR_BY_DISTRICT!G3+PAL_BY_DISTRICT!M3 -> 46993 | S3: =LEB_BY_DISTRICT!H3+SYR_BY_DISTRICT!H3+PAL_BY_DISTRICT!N3 -> 39078 | T3: =LEB_BY_DISTRICT!I3+SYR_BY_DISTRICT!I3+PAL_BY_DISTRICT!O3 -> 37011 | U3: =LEB_BY_DISTRICT!J3+SYR_BY_DISTRICT!J3+PAL_BY_DISTRICT!P3 -> 32537 | V3: =LEB_BY_DISTRICT!K3+SYR_BY_DISTRICT!K3+PAL_BY_DISTRICT!Q3 -> 26147 | W3: =LEB_BY_DISTRICT!L3+SYR_BY_DISTRICT!L3+PAL_BY_DISTRICT!R3 -> 21665 | X3: =LEB_BY_DISTRICT!M3+SYR_BY_DISTRICT!M3+PAL_BY_DISTRICT!S3 -> 21757 | ... AH3: =LEB_BY_DISTRICT!W3+SYR_BY_DISTRICT!W3+PAL_BY_DISTRICT!AC3 -> 1623
A4: El Hermel | B4: 19569 | C4: 9799 | D4: 9770 | E4: 0 | F4: 0 | G4: 0 | J4: 33274 | K4: 18172 | L4: 15102 | M4: 509 | N4: 454 | O4: 55 | P4: 53352 | Q4: =LEB_BY_DISTRICT!F4+SYR_BY_DISTRICT!F4+PAL_BY_DISTRICT!L4 -> 5716 | R4: =LEB_BY_DISTRICT!G4+SYR_BY_DISTRICT!G4+PAL_BY_DISTRICT!M4 -> 8069 | S4: =LEB_BY_DISTRICT!H4+SYR_BY_DISTRICT!H4+PAL_BY_DISTRICT!N4 -> 6993 | T4: =LEB_BY_DISTRICT!I4+SYR_BY_DISTRICT!I4+PAL_BY_DISTRICT!O4 -> 5862 | U4: =LEB_BY_DISTRICT!J4+SYR_BY_DISTRICT!J4+PAL_BY_DISTRICT!P4 -> 4610 | V4: =LEB_BY_DISTRICT!K4+SYR_BY_DISTRICT!K4+PAL_BY_DISTRICT!Q4 -> 3600 | W4: =LEB_BY_DISTRICT!L4+SYR_BY_DISTRICT!L4+PAL_BY_DISTRICT!R4 -> 2905 | X4: =LEB_BY_DISTRICT!M4+SYR_BY_DISTRICT!M4+PAL_BY_DISTRICT!S4 -> 3108 | ... AH4: =LEB_BY_DISTRICT!W4+SYR_BY_DISTRICT!W4+PAL_BY_DISTRICT!AC4 -> 154
A5: Beirut | B5: 237027 | C5: 128048 | D5: 108979 | E5: 7171 | F5: 6652 | G5: 519 | H5: 3593 | I5: 3578 | J5: 32892 | K5: 15657 | L5: 17235 | M5: 25920 | N5: 18109 | O5: 7811 | P5: 303010 | Q5: =LEB_BY_DISTRICT!F5+SYR_BY_DISTRICT!F5+PAL_BY_DISTRICT!L5 -> 19890 | R5: =LEB_BY_DISTRICT!G5+SYR_BY_DISTRICT!G5+PAL_BY_DISTRICT!M5 -> 21188 | S5: =LEB_BY_DISTRICT!H5+SYR_BY_DISTRICT!H5+PAL_BY_DISTRICT!N5 -> 19674 | T5: =LEB_BY_DISTRICT!I5+SYR_BY_DISTRICT!I5+PAL_BY_DISTRICT!O5 -> 19438 | U5: =LEB_BY_DISTRICT!J5+SYR_BY_DISTRICT!J5+PAL_BY_DISTRICT!P5 -> 23535 | V5: =LEB_BY_DISTRICT!K5+SYR_BY_DISTRICT!K5+PAL_BY_DISTRICT!Q5 -> 23812 | W5: =LEB_BY_DISTRICT!L5+SYR_BY_DISTRICT!L5+PAL_BY_DISTRICT!R5 -> 20826 | X5: =LEB_BY_DISTRICT!M5+SYR_BY_DISTRICT!M5+PAL_BY_DISTRICT!S5 -> 17730 | ... AH5: =LEB_BY_DISTRICT!W5+SYR_BY_DISTRICT!W5+PAL_BY_DISTRICT!AC5 -> 5187
A6: Rachaya | B6: 31665 | C6: 15883 | D6: 15782 | E6: 0 | F6: 0 | G6: 0 | J6: 4031 | K6: 2020 | L6: 2011 | M6: 310 | N6: 294 | O6: 16 | P6: 36006 | Q6: =LEB_BY_DISTRICT!F6+SYR_BY_DISTRICT!F6+PAL_BY_DISTRICT!L6 -> 2964 | R6: =LEB_BY_DISTRICT!G6+SYR_BY_DISTRICT!G6+PAL_BY_DISTRICT!M6 -> 3456 | S6: =LEB_BY_DISTRICT!H6+SYR_BY_DISTRICT!H6+PAL_BY_DISTRICT!N6 -> 3130 | T6: =LEB_BY_DISTRICT!I6+SYR_BY_DISTRICT!I6+PAL_BY_DISTRICT!O6 -> 3143 | U6: =LEB_BY_DISTRICT!J6+SYR_BY_DISTRICT!J6+PAL_BY_DISTRICT!P6 -> 3228 | V6: =LEB_BY_DISTRICT!K6+SYR_BY_DISTRICT!K6+PAL_BY_DISTRICT!Q6 -> 2650 | W6: =LEB_BY_DISTRICT!L6+SYR_BY_DISTRICT!L6+PAL_BY_DISTRICT!R6 -> 2373 | X6: =LEB_BY_DISTRICT!M6+SYR_BY_DISTRICT!M6+PAL_BY_DISTRICT!S6 -> 2220 | ... AH6: =LEB_BY_DISTRICT!W6+SYR_BY_DISTRICT!W6+PAL_BY_DISTRICT!AC6 -> 328
A7: West Bekaa | B7: 67540 | C7: 34657 | D7: 32883 | E7: 1731 | F7: 1015 | G7: 716 | H7: 910 | I7: 821 | J7: 52586 | K7: 26716 | L7: 25870 | M7: 1862 | N7: 1732 | O7: 130 | P7: 123719 | Q7: =LEB_BY_DISTRICT!F7+SYR_BY_DISTRICT!F7+PAL_BY_DISTRICT!L7 -> 11946 | R7: =LEB_BY_DISTRICT!G7+SYR_BY_DISTRICT!G7+PAL_BY_DISTRICT!M7 -> 15281 | S7: =LEB_BY_DISTRICT!H7+SYR_BY_DISTRICT!H7+PAL_BY_DISTRICT!N7 -> 13130 | T7: =LEB_BY_DISTRICT!I7+SYR_BY_DISTRICT!I7+PAL_BY_DISTRICT!O7 -> 12163 | U7: =LEB_BY_DISTRICT!J7+SYR_BY_DISTRICT!J7+PAL_BY_DISTRICT!P7 -> 10945 | V7: =LEB_BY_DISTRICT!K7+SYR_BY_DISTRICT!K7+PAL_BY_DISTRICT!Q7 -> 8864 | W7: =LEB_BY_DISTRICT!L7+SYR_BY_DISTRICT!L7+PAL_BY_DISTRICT!R7 -> 7644 | X7: =LEB_BY_DISTRICT!M7+SYR_BY_DISTRICT!M7+PAL_BY_DISTRICT!S7 -> 7462 | ... AH7: =LEB_BY_DISTRICT!W7+SYR_BY_DISTRICT!W7+PAL_BY_DISTRICT!AC7 -> 751
A8: Zahle | B8: 139399 | C8: 70187 | D8: 69212 | E8: 8764 | F8: 6504 | G8: 2260 | H8: 4565 | I8: 4199 | J8: 136032 | K8: 69859 | L8: 66173 | M8: 3419 | N8: 2958 | O8: 461 | P8: 287614 | Q8: =LEB_BY_DISTRICT!F8+SYR_BY_DISTRICT!F8+PAL_BY_DISTRICT!L8 -> 28296 | R8: =LEB_BY_DISTRICT!G8+SYR_BY_DISTRICT!G8+PAL_BY_DISTRICT!M8 -> 38220 | S8: =LEB_BY_DISTRICT!H8+SYR_BY_DISTRICT!H8+PAL_BY_DISTRICT!N8 -> 31819 | T8: =LEB_BY_DISTRICT!I8+SYR_BY_DISTRICT!I8+PAL_BY_DISTRICT!O8 -> 28195 | U8: =LEB_BY_DISTRICT!J8+SYR_BY_DISTRICT!J8+PAL_BY_DISTRICT!P8 -> 24953 | V8: =LEB_BY_DISTRICT!K8+SYR_BY_DISTRICT!K8+PAL_BY_DISTRICT!Q8 -> 20739 | W8: =LEB_BY_DISTRICT!L8+SYR_BY_DISTRICT!L8+PAL_BY_DISTRICT!R8 -> 17667 | X8: =LEB_BY_DISTRICT!M8+SYR_BY_DISTRICT!M8+PAL_BY_DISTRICT!S8 -> 17369 | ... AH8: =LEB_BY_DISTRICT!W8+SYR_BY_DISTRICT!W8+PAL_BY_DISTRICT!AC8 -> 1620
A9: Aley | B9: 215290 | C9: 107754 | D9: 107536 | E9: 2939 | F9: 2385 | G9: 554 | H9: 1513 | I9: 1426 | J9: 67499 | K9: 32974 | L9: 34525 | M9: 14618 | N9: 11170 | O9: 3448 | P9: 300346 | Q9: =LEB_BY_DISTRICT!F9+SYR_BY_DISTRICT!F9+PAL_BY_DISTRICT!L9 -> 23630 | R9: =LEB_BY_DISTRICT!G9+SYR_BY_DISTRICT!G9+PAL_BY_DISTRICT!M9 -> 27908 | S9: =LEB_BY_DISTRICT!H9+SYR_BY_DISTRICT!H9+PAL_BY_DISTRICT!N9 -> 24318 | T9: =LEB_BY_DISTRICT!I9+SYR_BY_DISTRICT!I9+PAL_BY_DISTRICT!O9 -> 23577 | U9: =LEB_BY_DISTRICT!J9+SYR_BY_DISTRICT!J9+PAL_BY_DISTRICT!P9 -> 24995 | V9: =LEB_BY_DISTRICT!K9+SYR_BY_DISTRICT!K9+PAL_BY_DISTRICT!Q9 -> 23127 | W9: =LEB_BY_DISTRICT!L9+SYR_BY_DISTRICT!L9+PAL_BY_DISTRICT!R9 -> 20112 | X9: =LEB_BY_DISTRICT!M9+SYR_BY_DISTRICT!M9+PAL_BY_DISTRICT!S9 -> 19448 | ... AH9: =LEB_BY_DISTRICT!W9+SYR_BY_DISTRICT!W9+PAL_BY_DISTRICT!AC9 -> 2811
A10: Baabda | B10: 408641 | C10: 213123 | D10: 195518 | E10: 26188 | F10: 23190 | G10: 2998 | H10: 13408 | I10: 12780 | J10: 112767 | K10: 54691 | L10: 58076 | M10: 20700 | N10: 14482 | O10: 6218 | P10: 568296 | Q10: =LEB_BY_DISTRICT!F10+SYR_BY_DISTRICT!F10+PAL_BY_DISTRICT!L10 -> 45385 | R10: =LEB_BY_DISTRICT!G10+SYR_BY_DISTRICT!G10+PAL_BY_DISTRICT!M10 -> 53191 | S10: =LEB_BY_DISTRICT!H10+SYR_BY_DISTRICT!H10+PAL_BY_DISTRICT!N10 -> 46405 | T10: =LEB_BY_DISTRICT!I10+SYR_BY_DISTRICT!I10+PAL_BY_DISTRICT!O10 -> 45128 | U10: =LEB_BY_DISTRICT!J10+SYR_BY_DISTRICT!J10+PAL_BY_DISTRICT!P10 -> 48013 | V10: =LEB_BY_DISTRICT!K10+SYR_BY_DISTRICT!K10+PAL_BY_DISTRICT!Q10 -> 43862 | W10: =LEB_BY_DISTRICT!L10+SYR_BY_DISTRICT!L10+PAL_BY_DISTRICT!R10 -> 38063 | X10: =LEB_BY_DISTRICT!M10+SYR_BY_DISTRICT!M10+PAL_BY_DISTRICT!S10 -> 36524 | ... AH10: =LEB_BY_DISTRICT!W10+SYR_BY_DISTRICT!W10+PAL_BY_DISTRICT!AC10 -> 5498
A11: Chouf | B11: 208477 | C11: 106086 | D11: 102391 | E11: 9793 | F11: 8213 | G11: 1580 | H11: 5068 | I11: 4725 | J11: 46686 | K11: 22965 | L11: 23721 | M11: 5521 | N11: 4236 | O11: 1285 | P11: 270477 | Q11: =LEB_BY_DISTRICT!F11+SYR_BY_DISTRICT!F11+PAL_BY_DISTRICT!L11 -> 20812 | R11: =LEB_BY_DISTRICT!G11+SYR_BY_DISTRICT!G11+PAL_BY_DISTRICT!M11 -> 24492 | S11: =LEB_BY_DISTRICT!H11+SYR_BY_DISTRICT!H11+PAL_BY_DISTRICT!N11 -> 21973 | T11: =LEB_BY_DISTRICT!I11+SYR_BY_DISTRICT!I11+PAL_BY_DISTRICT!O11 -> 22106 | U11: =LEB_BY_DISTRICT!J11+SYR_BY_DISTRICT!J11+PAL_BY_DISTRICT!P11 -> 23199 | V11: =LEB_BY_DISTRICT!K11+SYR_BY_DISTRICT!K11+PAL_BY_DISTRICT!Q11 -> 20895 | W11: =LEB_BY_DISTRICT!L11+SYR_BY_DISTRICT!L11+PAL_BY_DISTRICT!R11 -> 18427 | X11: =LEB_BY_DISTRICT!M11+SYR_BY_DISTRICT!M11+PAL_BY_DISTRICT!S11 -> 17616 | ... AH11: =LEB_BY_DISTRICT!W11+SYR_BY_DISTRICT!W11+PAL_BY_DISTRICT!AC11 -> 2751
A12: El Meten | B12: 396657 | C12: 202787 | D12: 193870 | E12: 1919 | F12: 1836 | G12: 83 | H12: 1024 | I12: 895 | J12: 52252 | K12: 24563 | L12: 27689 | M12: 44772 | N12: 29306 | O12: 15466 | P12: 495600 | Q12: =LEB_BY_DISTRICT!F12+SYR_BY_DISTRICT!F12+PAL_BY_DISTRICT!L12 -> 34990 | R12: =LEB_BY_DISTRICT!G12+SYR_BY_DISTRICT!G12+PAL_BY_DISTRICT!M12 -> 38221 | S12: =LEB_BY_DISTRICT!H12+SYR_BY_DISTRICT!H12+PAL_BY_DISTRICT!N12 -> 33325 | T12: =LEB_BY_DISTRICT!I12+SYR_BY_DISTRICT!I12+PAL_BY_DISTRICT!O12 -> 34724 | U12: =LEB_BY_DISTRICT!J12+SYR_BY_DISTRICT!J12+PAL_BY_DISTRICT!P12 -> 39904 | V12: =LEB_BY_DISTRICT!K12+SYR_BY_DISTRICT!K12+PAL_BY_DISTRICT!Q12 -> 36981 | W12: =LEB_BY_DISTRICT!L12+SYR_BY_DISTRICT!L12+PAL_BY_DISTRICT!R12 -> 32294 | X12: =LEB_BY_DISTRICT!M12+SYR_BY_DISTRICT!M12+PAL_BY_DISTRICT!S12 -> 30476 | ... AH12: =LEB_BY_DISTRICT!W12+SYR_BY_DISTRICT!W12+PAL_BY_DISTRICT!AC12 -> 5117
A13: Jbeil | B13: 115293 | C13: 60010 | D13: 55283 | E13: 0 | F13: 0 | G13: 0 | J13: 10733 | K13: 5173 | L13: 5560 | M13: 5657 | N13: 3327 | O13: 2330 | P13: 131683 | Q13: =LEB_BY_DISTRICT!F13+SYR_BY_DISTRICT!F13+PAL_BY_DISTRICT!L13 -> 9526 | R13: =LEB_BY_DISTRICT!G13+SYR_BY_DISTRICT!G13+PAL_BY_DISTRICT!M13 -> 10459 | S13: =LEB_BY_DISTRICT!H13+SYR_BY_DISTRICT!H13+PAL_BY_DISTRICT!N13 -> 9385 | T13: =LEB_BY_DISTRICT!I13+SYR_BY_DISTRICT!I13+PAL_BY_DISTRICT!O13 -> 9862 | U13: =LEB_BY_DISTRICT!J13+SYR_BY_DISTRICT!J13+PAL_BY_DISTRICT!P13 -> 11149 | V13: =LEB_BY_DISTRICT!K13+SYR_BY_DISTRICT!K13+PAL_BY_DISTRICT!Q13 -> 10165 | W13: =LEB_BY_DISTRICT!L13+SYR_BY_DISTRICT!L13+PAL_BY_DISTRICT!R13 -> 8915 | X13: =LEB_BY_DISTRICT!M13+SYR_BY_DISTRICT!M13+PAL_BY_DISTRICT!S13 -> 8370 | ... AH13: =LEB_BY_DISTRICT!W13+SYR_BY_DISTRICT!W13+PAL_BY_DISTRICT!AC13 -> 1469
A14: Kesrwane | B14: 229640 | C14: 120919 | D14: 108721 | E14: 208 | F14: 126 | G14: 82 | H14: 86 | I14: 122 | J14: 19437 | K14: 9086 | L14: 10351 | M14: 13045 | N14: 8086 | O14: 4959 | P14: 262330 | Q14: =LEB_BY_DISTRICT!F14+SYR_BY_DISTRICT!F14+PAL_BY_DISTRICT!L14 -> 18808 | R14: =LEB_BY_DISTRICT!G14+SYR_BY_DISTRICT!G14+PAL_BY_DISTRICT!M14 -> 20453 | S14: =LEB_BY_DISTRICT!H14+SYR_BY_DISTRICT!H14+PAL_BY_DISTRICT!N14 -> 18213 | T14: =LEB_BY_DISTRICT!I14+SYR_BY_DISTRICT!I14+PAL_BY_DISTRICT!O14 -> 19183 | U14: =LEB_BY_DISTRICT!J14+SYR_BY_DISTRICT!J14+PAL_BY_DISTRICT!P14 -> 22076 | V14: =LEB_BY_DISTRICT!K14+SYR_BY_DISTRICT!K14+PAL_BY_DISTRICT!Q14 -> 20268 | W14: =LEB_BY_DISTRICT!L14+SYR_BY_DISTRICT!L14+PAL_BY_DISTRICT!R14 -> 17891 | X14: =LEB_BY_DISTRICT!M14+SYR_BY_DISTRICT!M14+PAL_BY_DISTRICT!S14 -> 16616 | ... AH14: =LEB_BY_DISTRICT!W14+SYR_BY_DISTRICT!W14+PAL_BY_DISTRICT!AC14 -> 2928
A15: Bent Jbeil | B15: 58248 | C15: 29592 | D15: 28656 | E15: 232 | F15: 184 | G15: 48 | H15: 141 | I15: 91 | J15: 6966 | K15: 3392 | L15: 3574 | M15: 1309 | N15: 993 | O15: 316 | P15: 66755 | Q15: =LEB_BY_DISTRICT!F15+SYR_BY_DISTRICT!F15+PAL_BY_DISTRICT!L15 -> 5551 | R15: =LEB_BY_DISTRICT!G15+SYR_BY_DISTRICT!G15+PAL_BY_DISTRICT!M15 -> 6653 | S15: =LEB_BY_DISTRICT!H15+SYR_BY_DISTRICT!H15+PAL_BY_DISTRICT!N15 -> 6479 | T15: =LEB_BY_DISTRICT!I15+SYR_BY_DISTRICT!I15+PAL_BY_DISTRICT!O15 -> 6133 | U15: =LEB_BY_DISTRICT!J15+SYR_BY_DISTRICT!J15+PAL_BY_DISTRICT!P15 -> 5963 | V15: =LEB_BY_DISTRICT!K15+SYR_BY_DISTRICT!K15+PAL_BY_DISTRICT!Q15 -> 4613 | W15: =LEB_BY_DISTRICT!L15+SYR_BY_DISTRICT!L15+PAL_BY_DISTRICT!R15 -> 3676 | X15: =LEB_BY_DISTRICT!M15+SYR_BY_DISTRICT!M15+PAL_BY_DISTRICT!S15 -> 3596 | ... AH15: =LEB_BY_DISTRICT!W15+SYR_BY_DISTRICT!W15+PAL_BY_DISTRICT!AC15 -> 757
A16: El Nabatieh | B16: 206128 | C16: 104966 | D16: 101162 | E16: 2681 | F16: 2349 | G16: 332 | H16: 1324 | I16: 1357 | J16: 21676 | K16: 10711 | L16: 10965 | M16: 2441 | N16: 1868 | O16: 573 | P16: 232926 | Q16: =LEB_BY_DISTRICT!F16+SYR_BY_DISTRICT!F16+PAL_BY_DISTRICT!L16 -> 19331 | R16: =LEB_BY_DISTRICT!G16+SYR_BY_DISTRICT!G16+PAL_BY_DISTRICT!M16 -> 23056 | S16: =LEB_BY_DISTRICT!H16+SYR_BY_DISTRICT!H16+PAL_BY_DISTRICT!N16 -> 22571 | T16: =LEB_BY_DISTRICT!I16+SYR_BY_DISTRICT!I16+PAL_BY_DISTRICT!O16 -> 21555 | U16: =LEB_BY_DISTRICT!J16+SYR_BY_DISTRICT!J16+PAL_BY_DISTRICT!P16 -> 21056 | V16: =LEB_BY_DISTRICT!K16+SYR_BY_DISTRICT!K16+PAL_BY_DISTRICT!Q16 -> 16297 | W16: =LEB_BY_DISTRICT!L16+SYR_BY_DISTRICT!L16+PAL_BY_DISTRICT!R16 -> 13042 | X16: =LEB_BY_DISTRICT!M16+SYR_BY_DISTRICT!M16+PAL_BY_DISTRICT!S16 -> 12614 | ... AH16: =LEB_BY_DISTRICT!W16+SYR_BY_DISTRICT!W16+PAL_BY_DISTRICT!AC16 -> 2682
A17: Hasbaya | B17: 25023 | C17: 12721 | D17: 12302 | E17: 0 | F17: 0 | G17: 0 | J17: 3479 | K17: 1751 | L17: 1728 | M17: 229 | N17: 214 | O17: 15 | P17: 28731 | Q17: =LEB_BY_DISTRICT!F17+SYR_BY_DISTRICT!F17+PAL_BY_DISTRICT!L17 -> 2389 | R17: =LEB_BY_DISTRICT!G17+SYR_BY_DISTRICT!G17+PAL_BY_DISTRICT!M17 -> 2868 | S17: =LEB_BY_DISTRICT!H17+SYR_BY_DISTRICT!H17+PAL_BY_DISTRICT!N17 -> 2862 | T17: =LEB_BY_DISTRICT!I17+SYR_BY_DISTRICT!I17+PAL_BY_DISTRICT!O17 -> 2700 | U17: =LEB_BY_DISTRICT!J17+SYR_BY_DISTRICT!J17+PAL_BY_DISTRICT!P17 -> 2560 | V17: =LEB_BY_DISTRICT!K17+SYR_BY_DISTRICT!K17+PAL_BY_DISTRICT!Q17 -> 2020 | W17: =LEB_BY_DISTRICT!L17+SYR_BY_DISTRICT!L17+PAL_BY_DISTRICT!R17 -> 1638 | X17: =LEB_BY_DISTRICT!M17+SYR_BY_DISTRICT!M17+PAL_BY_DISTRICT!S17 -> 1564 | ... AH17: =LEB_BY_DISTRICT!W17+SYR_BY_DISTRICT!W17+PAL_BY_DISTRICT!AC17 -> 323
A18: Marjaayoun | B18: 25351 | C18: 13099 | D18: 12252 | E18: 148 | F18: 124 | G18: 24 | H18: 58 | I18: 90 | J18: 5791 | K18: 2906 | L18: 2885 | M18: 1720 | N18: 428 | O18: 1292 | P18: 33010 | Q18: =LEB_BY_DISTRICT!F18+SYR_BY_DISTRICT!F18+PAL_BY_DISTRICT!L18 -> 2688 | R18: =LEB_BY_DISTRICT!G18+SYR_BY_DISTRICT!G18+PAL_BY_DISTRICT!M18 -> 3408 | S18: =LEB_BY_DISTRICT!H18+SYR_BY_DISTRICT!H18+PAL_BY_DISTRICT!N18 -> 3310 | T18: =LEB_BY_DISTRICT!I18+SYR_BY_DISTRICT!I18+PAL_BY_DISTRICT!O18 -> 3012 | U18: =LEB_BY_DISTRICT!J18+SYR_BY_DISTRICT!J18+PAL_BY_DISTRICT!P18 -> 2866 | V18: =LEB_BY_DISTRICT!K18+SYR_BY_DISTRICT!K18+PAL_BY_DISTRICT!Q18 -> 2210 | W18: =LEB_BY_DISTRICT!L18+SYR_BY_DISTRICT!L18+PAL_BY_DISTRICT!R18 -> 1749 | X18: =LEB_BY_DISTRICT!M18+SYR_BY_DISTRICT!M18+PAL_BY_DISTRICT!S18 -> 1725 | ... AH18: =LEB_BY_DISTRICT!W18+SYR_BY_DISTRICT!W18+PAL_BY_DISTRICT!AC18 -> 329
A19: Bcharre | B19: 20746 | C19: 10461 | D19: 10285 | E19: 0 | F19: 0 | G19: 0 | J19: 1191 | K19: 557 | L19: 634 | M19: 415 | N19: 403 | O19: 12 | P19: 22352 | Q19: =LEB_BY_DISTRICT!F19+SYR_BY_DISTRICT!F19+PAL_BY_DISTRICT!L19 -> 1806 | R19: =LEB_BY_DISTRICT!G19+SYR_BY_DISTRICT!G19+PAL_BY_DISTRICT!M19 -> 2047 | S19: =LEB_BY_DISTRICT!H19+SYR_BY_DISTRICT!H19+PAL_BY_DISTRICT!N19 -> 1976 | T19: =LEB_BY_DISTRICT!I19+SYR_BY_DISTRICT!I19+PAL_BY_DISTRICT!O19 -> 2004 | U19: =LEB_BY_DISTRICT!J19+SYR_BY_DISTRICT!J19+PAL_BY_DISTRICT!P19 -> 2055 | V19: =LEB_BY_DISTRICT!K19+SYR_BY_DISTRICT!K19+PAL_BY_DISTRICT!Q19 -> 1630 | W19: =LEB_BY_DISTRICT!L19+SYR_BY_DISTRICT!L19+PAL_BY_DISTRICT!R19 -> 1385 | X19: =LEB_BY_DISTRICT!M19+SYR_BY_DISTRICT!M19+PAL_BY_DISTRICT!S19 -> 1292 | ... AH19: =LEB_BY_DISTRICT!W19+SYR_BY_DISTRICT!W19+PAL_BY_DISTRICT!AC19 -> 187
A20: El Batroun | B20: 53121 | C20: 28243 | D20: 24878 | E20: 0 | F20: 0 | G20: 0 | J20: 12163 | K20: 5929 | L20: 6234 | M20: 1173 | N20: 967 | O20: 206 | P20: 66457 | Q20: =LEB_BY_DISTRICT!F20+SYR_BY_DISTRICT!F20+PAL_BY_DISTRICT!L20 -> 5659 | R20: =LEB_BY_DISTRICT!G20+SYR_BY_DISTRICT!G20+PAL_BY_DISTRICT!M20 -> 6885 | S20: =LEB_BY_DISTRICT!H20+SYR_BY_DISTRICT!H20+PAL_BY_DISTRICT!N20 -> 6305 | T20: =LEB_BY_DISTRICT!I20+SYR_BY_DISTRICT!I20+PAL_BY_DISTRICT!O20 -> 6085 | U20: =LEB_BY_DISTRICT!J20+SYR_BY_DISTRICT!J20+PAL_BY_DISTRICT!P20 -> 6005 | V20: =LEB_BY_DISTRICT!K20+SYR_BY_DISTRICT!K20+PAL_BY_DISTRICT!Q20 -> 4863 | W20: =LEB_BY_DISTRICT!L20+SYR_BY_DISTRICT!L20+PAL_BY_DISTRICT!R20 -> 4183 | X20: =LEB_BY_DISTRICT!M20+SYR_BY_DISTRICT!M20+PAL_BY_DISTRICT!S20 -> 4031 | ... AH20: =LEB_BY_DISTRICT!W20+SYR_BY_DISTRICT!W20+PAL_BY_DISTRICT!AC20 -> 480
A21: El Koura | B21: 72124 | C21: 38306 | D21: 33818 | E21: 0 | F21: 0 | G21: 0 | J21: 16985 | K21: 8372 | L21: 8613 | M21: 1356 | N21: 1157 | O21: 199 | P21: 90465 | Q21: =LEB_BY_DISTRICT!F21+SYR_BY_DISTRICT!F21+PAL_BY_DISTRICT!L21 -> 7764 | R21: =LEB_BY_DISTRICT!G21+SYR_BY_DISTRICT!G21+PAL_BY_DISTRICT!M21 -> 9431 | S21: =LEB_BY_DISTRICT!H21+SYR_BY_DISTRICT!H21+PAL_BY_DISTRICT!N21 -> 8505 | T21: =LEB_BY_DISTRICT!I21+SYR_BY_DISTRICT!I21+PAL_BY_DISTRICT!O21 -> 8264 | U21: =LEB_BY_DISTRICT!J21+SYR_BY_DISTRICT!J21+PAL_BY_DISTRICT!P21 -> 8193 | V21: =LEB_BY_DISTRICT!K21+SYR_BY_DISTRICT!K21+PAL_BY_DISTRICT!Q21 -> 6791 | W21: =LEB_BY_DISTRICT!L21+SYR_BY_DISTRICT!L21+PAL_BY_DISTRICT!R21 -> 5780 | X21: =LEB_BY_DISTRICT!M21+SYR_BY_DISTRICT!M21+PAL_BY_DISTRICT!S21 -> 5405 | ... AH21: =LEB_BY_DISTRICT!W21+SYR_BY_DISTRICT!W21+PAL_BY_DISTRICT!AC21 -> 659
A22: El Minieh-Dennie | B22: 121534 | C22: 60933 | D22: 60601 | E22: 17020 | F22: 15187 | G22: 1833 | H22: 8773 | I22: 8247 | J22: 44509 | K22: 22243 | L22: 22266 | M22: 489 | N22: 432 | O22: 57 | P22: 183552 | Q22: =LEB_BY_DISTRICT!F22+SYR_BY_DISTRICT!F22+PAL_BY_DISTRICT!L22 -> 16187 | R22: =LEB_BY_DISTRICT!G22+SYR_BY_DISTRICT!G22+PAL_BY_DISTRICT!M22 -> 20406 | S22: =LEB_BY_DISTRICT!H22+SYR_BY_DISTRICT!H22+PAL_BY_DISTRICT!N22 -> 18424 | T22: =LEB_BY_DISTRICT!I22+SYR_BY_DISTRICT!I22+PAL_BY_DISTRICT!O22 -> 17599 | U22: =LEB_BY_DISTRICT!J22+SYR_BY_DISTRICT!J22+PAL_BY_DISTRICT!P22 -> 16671 | V22: =LEB_BY_DISTRICT!K22+SYR_BY_DISTRICT!K22+PAL_BY_DISTRICT!Q22 -> 13750 | W22: =LEB_BY_DISTRICT!L22+SYR_BY_DISTRICT!L22+PAL_BY_DISTRICT!R22 -> 11722 | X22: =LEB_BY_DISTRICT!M22+SYR_BY_DISTRICT!M22+PAL_BY_DISTRICT!S22 -> 11054 | ... AH22: =LEB_BY_DISTRICT!W22+SYR_BY_DISTRICT!W22+PAL_BY_DISTRICT!AC22 -> 1218
A23: Tripoli | B23: 200469 | C23: 105083 | D23: 95386 | E23: 3861 | F23: 3316 | G23: 545 | H23: 2037 | I23: 1824 | J23: 38419 | K23: 18994 | L23: 19425 | M23: 2267 | N23: 1604 | O23: 663 | P23: 245016 | Q23: =LEB_BY_DISTRICT!F23+SYR_BY_DISTRICT!F23+PAL_BY_DISTRICT!L23 -> 20336 | R23: =LEB_BY_DISTRICT!G23+SYR_BY_DISTRICT!G23+PAL_BY_DISTRICT!M23 -> 24166 | S23: =LEB_BY_DISTRICT!H23+SYR_BY_DISTRICT!H23+PAL_BY_DISTRICT!N23 -> 22747 | T23: =LEB_BY_DISTRICT!I23+SYR_BY_DISTRICT!I23+PAL_BY_DISTRICT!O23 -> 22603 | U23: =LEB_BY_DISTRICT!J23+SYR_BY_DISTRICT!J23+PAL_BY_DISTRICT!P23 -> 22805 | V23: =LEB_BY_DISTRICT!K23+SYR_BY_DISTRICT!K23+PAL_BY_DISTRICT!Q23 -> 18407 | W23: =LEB_BY_DISTRICT!L23+SYR_BY_DISTRICT!L23+PAL_BY_DISTRICT!R23 -> 15699 | X23: =LEB_BY_DISTRICT!M23+SYR_BY_DISTRICT!M23+PAL_BY_DISTRICT!S23 -> 14343 | ... AH23: =LEB_BY_DISTRICT!W23+SYR_BY_DISTRICT!W23+PAL_BY_DISTRICT!AC23 -> 1878
A24: Zgharta | B24: 72798 | C24: 36792 | D24: 36006 | E24: 0 | F24: 0 | G24: 0 | J24: 13532 | K24: 6793 | L24: 6739 | M24: 1199 | N24: 1072 | O24: 127 | P24: 87529 | Q24: =LEB_BY_DISTRICT!F24+SYR_BY_DISTRICT!F24+PAL_BY_DISTRICT!L24 -> 7478 | R24: =LEB_BY_DISTRICT!G24+SYR_BY_DISTRICT!G24+PAL_BY_DISTRICT!M24 -> 8931 | S24: =LEB_BY_DISTRICT!H24+SYR_BY_DISTRICT!H24+PAL_BY_DISTRICT!N24 -> 8217 | T24: =LEB_BY_DISTRICT!I24+SYR_BY_DISTRICT!I24+PAL_BY_DISTRICT!O24 -> 8039 | U24: =LEB_BY_DISTRICT!J24+SYR_BY_DISTRICT!J24+PAL_BY_DISTRICT!P24 -> 8017 | V24: =LEB_BY_DISTRICT!K24+SYR_BY_DISTRICT!K24+PAL_BY_DISTRICT!Q24 -> 6407 | W24: =LEB_BY_DISTRICT!L24+SYR_BY_DISTRICT!L24+PAL_BY_DISTRICT!R24 -> 5470 | X24: =LEB_BY_DISTRICT!M24+SYR_BY_DISTRICT!M24+PAL_BY_DISTRICT!S24 -> 5144 | ... AH24: =LEB_BY_DISTRICT!W24+SYR_BY_DISTRICT!W24+PAL_BY_DISTRICT!AC24 -> 661
A25: Jezzine | B25: 27052 | C25: 13358 | D25: 13694 | E25: 0 | F25: 0 | G25: 0 | J25: 2675 | K25: 1300 | L25: 1375 | M25: 450 | N25: 295 | O25: 155 | P25: 30177 | Q25: =LEB_BY_DISTRICT!F25+SYR_BY_DISTRICT!F25+PAL_BY_DISTRICT!L25 -> 2471 | R25: =LEB_BY_DISTRICT!G25+SYR_BY_DISTRICT!G25+PAL_BY_DISTRICT!M25 -> 2934 | S25: =LEB_BY_DISTRICT!H25+SYR_BY_DISTRICT!H25+PAL_BY_DISTRICT!N25 -> 2817 | T25: =LEB_BY_DISTRICT!I25+SYR_BY_DISTRICT!I25+PAL_BY_DISTRICT!O25 -> 2852 | U25: =LEB_BY_DISTRICT!J25+SYR_BY_DISTRICT!J25+PAL_BY_DISTRICT!P25 -> 2687 | V25: =LEB_BY_DISTRICT!K25+SYR_BY_DISTRICT!K25+PAL_BY_DISTRICT!Q25 -> 2177 | W25: =LEB_BY_DISTRICT!L25+SYR_BY_DISTRICT!L25+PAL_BY_DISTRICT!R25 -> 1845 | X25: =LEB_BY_DISTRICT!M25+SYR_BY_DISTRICT!M25+PAL_BY_DISTRICT!S25 -> 1849 | ... AH25: =LEB_BY_DISTRICT!W25+SYR_BY_DISTRICT!W25+PAL_BY_DISTRICT!AC25 -> 189
A26: Saida | B26: 233189 | C26: 123309 | D26: 109880 | E26: 67690 | F26: 62097 | G26: 5593 | H26: 35620 | I26: 32070 | J26: 44492 | K26: 22353 | L26: 22139 | M26: 4556 | N26: 3276 | O26: 1280 | P26: 349927 | Q26: =LEB_BY_DISTRICT!F26+SYR_BY_DISTRICT!F26+PAL_BY_DISTRICT!L26 -> 28675 | R26: =LEB_BY_DISTRICT!G26+SYR_BY_DISTRICT!G26+PAL_BY_DISTRICT!M26 -> 35592 | S26: =LEB_BY_DISTRICT!H26+SYR_BY_DISTRICT!H26+PAL_BY_DISTRICT!N26 -> 34068 | T26: =LEB_BY_DISTRICT!I26+SYR_BY_DISTRICT!I26+PAL_BY_DISTRICT!O26 -> 33594 | U26: =LEB_BY_DISTRICT!J26+SYR_BY_DISTRICT!J26+PAL_BY_DISTRICT!P26 -> 29928 | V26: =LEB_BY_DISTRICT!K26+SYR_BY_DISTRICT!K26+PAL_BY_DISTRICT!Q26 -> 25270 | W26: =LEB_BY_DISTRICT!L26+SYR_BY_DISTRICT!L26+PAL_BY_DISTRICT!R26 -> 22065 | X26: =LEB_BY_DISTRICT!M26+SYR_BY_DISTRICT!M26+PAL_BY_DISTRICT!S26 -> 21514 | ... AH26: =LEB_BY_DISTRICT!W26+SYR_BY_DISTRICT!W26+PAL_BY_DISTRICT!AC26 -> 2178
A27: Sour | B27: 181467 | C27: 95087 | D27: 86380 | E27: 43001 | F27: 39147 | G27: 3854 | H27: 22760 | I27: 20241 | J27: 27523 | K27: 13926 | L27: 13597 | M27: 6786 | N27: 4251 | O27: 2535 | P27: 258777 | Q27: =LEB_BY_DISTRICT!F27+SYR_BY_DISTRICT!F27+PAL_BY_DISTRICT!L27 -> 20659 | R27: =LEB_BY_DISTRICT!G27+SYR_BY_DISTRICT!G27+PAL_BY_DISTRICT!M27 -> 25413 | S27: =LEB_BY_DISTRICT!H27+SYR_BY_DISTRICT!H27+PAL_BY_DISTRICT!N27 -> 24545 | T27: =LEB_BY_DISTRICT!I27+SYR_BY_DISTRICT!I27+PAL_BY_DISTRICT!O27 -> 24337 | U27: =LEB_BY_DISTRICT!J27+SYR_BY_DISTRICT!J27+PAL_BY_DISTRICT!P27 -> 22280 | V27: =LEB_BY_DISTRICT!K27+SYR_BY_DISTRICT!K27+PAL_BY_DISTRICT!Q27 -> 18414 | W27: =LEB_BY_DISTRICT!L27+SYR_BY_DISTRICT!L27+PAL_BY_DISTRICT!R27 -> 15785 | X27: =LEB_BY_DISTRICT!M27+SYR_BY_DISTRICT!M27+PAL_BY_DISTRICT!S27 -> 15445 | ... AH27: =LEB_BY_DISTRICT!W27+SYR_BY_DISTRICT!W27+PAL_BY_DISTRICT!AC27 -> 1733

Sheet LEB_BY_GOVERNORATE
A1: Governorate | B1: TOTAL LEBANESE | C1: Distribution % | D1: All Lebanese Female | E1: All Lebanese Male | F1: Age 0 - 4 | G1: 5 - 9 | H1: 10 - 14 | I1: 15 - 19 | J1: 20 - 24 | K1: 25 - 29 | L1: 30 - 34 | M1: 35 - 39 | N1: 40 - 44 | O1: 45 - 49 | P1: 50 - 54 | Q1: 55 - 59 | R1: 60 - 64 | S1: 65 - 69 | T1: 70 - 74 | U1: 75 - 79 | V1: 80 - 84 | W1: 85 and above
A2: Akkar | B2: 296722 | C2: 0.076785526 | D2: 147487 | E2: 149235 | F2: 31713 | G2: 32161 | H2: 30655 | I2: 31074 | J2: 28714 | K2: 23439 | L2: 18206 | M2: 18552 | N2: 17525 | O2: 13705 | P2: 13647 | Q2: 11397 | R2: 7169 | S2: 6047 | T2: 5450 | U2: 3505 | V2: 2115 | W2: 1648
A3: Baalbek-El Hermel | B3: 220695 | C3: 0.057111308 | D3: 114229 | E3: 106466 | F3: 19042 | G3: 21456 | H3: 19630 | I3: 20775 | J3: 20454 | K3: 15705 | L3: 13843 | M3: 13711 | N3: 12222 | O3: 13755 | P3: 14038 | Q3: 9665 | R3: 8072 | S3: 5868 | T3: 4814 | U3: 3935 | V3: 2181 | W3: 1529
A4: Beirut | B4: 237027 | C4: 0.061337693 | D4: 128048 | E4: 108979 | F4: 15738 | G4: 15162 | H4: 14591 | I4: 15505 | J4: 20374 | K4: 20572 | L4: 18068 | M4: 14751 | N4: 13514 | O4: 11583 | P4: 12530 | Q4: 11992 | R4: 13646 | S4: 10298 | T4: 10002 | U4: 7192 | V4: 6463 | W4: 5046
A5: Bekaa | B5: 238604 | C5: 0.061745788 | D5: 120727 | E5: 117877 | F5: 19157 | G5: 21021 | H5: 19477 | I5: 20162 | J5: 21704 | K5: 17515 | L5: 15879 | M5: 14615 | N5: 12548 | O5: 14347 | P5: 15807 | Q5: 12153 | R5: 9764 | S5: 7261 | T5: 6584 | U5: 5015 | V5: 3141 | W5: 2454
A6: Mount Lebanon | B6: 1573998 | C6: 0.40731818 | D6: 810679 | E6: 763319 | F6: 113844 | G6: 118358 | H6: 107746 | I6: 118857 | J6: 140543 | K6: 127310 | L6: 111005 | M6: 102105 | N6: 89782 | O6: 89007 | P6: 100161 | Q6: 88353 | R6: 74667 | S6: 61577 | T6: 47927 | U6: 35803 | V6: 26942 | W6: 20011
A7: El Nabatieh | B7: 314750 | C7: 0.0814508 | D7: 160378 | E7: 154372 | F7: 25452 | G7: 29004 | H7: 29023 | I7: 28872 | J7: 29042 | K7: 22106 | L7: 17602 | M7: 16581 | N7: 16108 | O7: 18909 | P7: 20371 | Q7: 15639 | R7: 12560 | S7: 8491 | T7: 8817 | U7: 6685 | V7: 5447 | W7: 4041
A8: North | B8: 540792 | C8: 0.1399458 | D8: 279818 | E8: 260974 | F8: 43319 | G8: 48428 | H8: 46868 | I8: 48783 | J8: 51085 | K8: 40290 | L8: 34110 | M8: 31133 | N8: 29764 | O8: 31287 | P8: 32126 | Q8: 28152 | R8: 24373 | S8: 16091 | T8: 13006 | U8: 8929 | V8: 8194 | W8: 4854
A9: South | B9: 441708 | C9: 0.11430491 | D9: 231754 | E9: 209954 | F9: 35699 | G9: 40186 | H9: 39230 | I9: 41424 | J9: 40519 | K9: 32864 | L9: 27567 | M9: 26608 | N9: 25084 | O9: 23735 | P9: 25131 | Q9: 24066 | R9: 18134 | S9: 15040 | T9: 11109 | U9: 7460 | V9: 4765 | W9: 3087

Sheet LEB_BY_DISTRICT
A1: District | B1: TOTAL LEBANESE | C1: Distribution % | D1: All Lebanese Female | E1: All Lebanese Male | F1: Age 0 - 4 | G1: 5 - 9 | H1: 10 - 14 | I1: 15 - 19 | J1: 20 - 24 | K1: 25 - 29 | L1: 30 - 34 | M1: 35 - 39 | N1: 40 - 44 | O1: 45 - 49 | P1: 50 - 54 | Q1: 55 - 59 | R1: 60 - 64 | S1: 65 - 69 | T1: 70 - 74 | U1: 75 - 79 | V1: 80 - 84 | W1: 85 and above
A2: Akkar | B2: 296722 | C2: 0.076785526 | D2: 147487 | E2: 149235 | F2: 31713 | G2: 32161 | H2: 30655 | I2: 31074 | J2: 28714 | K2: 23439 | L2: 18206 | M2: 18552 | N2: 17525 | O2: 13705 | P2: 13647 | Q2: 11397 | R2: 7169 | S2: 6047 | T2: 5450 | U2: 3505 | V2: 2115 | W2: 1648
A3: Baalbek | B3: 201126 | C3: 0.052047255 | D3: 104430 | E3: 96696 | F3: 17354 | G3: 19553 | H3: 17890 | I3: 18932 | J3: 18640 | K3: 14312 | L3: 12616 | M3: 12496 | N3: 11138 | O3: 12535 | P3: 12793 | Q3: 8808 | R3: 7356 | S3: 5348 | T3: 4387 | U3: 3586 | V3: 1988 | W3: 1394
A4: El Hermel | B4: 19569 | C4: 0.0050640531 | D4: 9799 | E4: 9770 | F4: 1688 | G4: 1903 | H4: 1740 | I4: 1843 | J4: 1814 | K4: 1393 | L4: 1227 | M4: 1215 | N4: 1084 | O4: 1220 | P4: 1245 | Q4: 857 | R4: 716 | S4: 520 | T4: 427 | U4: 349 | V4: 193 | W4: 135
A5: Beirut | B5: 237027 | C5: 0.061337693 | D5: 128048 | E5: 108979 | F5: 15738 | G5: 15162 | H5: 14591 | I5: 15505 | J5: 20374 | K5: 20572 | L5: 18068 | M5: 14751 | N5: 13514 | O5: 11583 | P5: 12530 | Q5: 11992 | R5: 13646 | S5: 10298 | T5: 10002 | U5: 7192 | V5: 6463 | W5: 5046
A6: Rachaya | B6: 31665 | C6: 0.0081942481 | D6: 15883 | E6: 15782 | F6: 2542 | G6: 2790 | H6: 2585 | I6: 2676 | J6: 2881 | K6: 2324 | L6: 2107 | M6: 1939 | N6: 1665 | O6: 1904 | P6: 2098 | Q6: 1612 | R6: 1296 | S6: 963 | T6: 874 | U6: 666 | V6: 417 | W6: 326
A7: West Bekaa | B7: 67540 | C7: 0.017477957 | D7: 34657 | E7: 32883 | F7: 5423 | G7: 5950 | H7: 5513 | I7: 5707 | J7: 6143 | K7: 4958 | L7: 4495 | M7: 4137 | N7: 3552 | O7: 4061 | P7: 4474 | Q7: 3442 | R7: 2763 | S7: 2056 | T7: 1864 | U7: 1419 | V7: 889 | W7: 694
A8: Zahle | B8: 139399 | C8: 0.036073582 | D8: 70187 | E8: 69212 | F8: 11192 | G8: 12281 | H8: 11379 | I8: 11779 | J8: 12680 | K8: 10233 | L8: 9277 | M8: 8539 | N8: 7331 | O8: 8382 | P8: 9235 | Q8: 7099 | R8: 5705 | S8: 4242 | T8: 3846 | U8: 2930 | V8: 1835 | W8: 1434
A9: Aley | B9: 215290 | C9: 0.055712606 | D9: 107754 | E9: 107536 | F9: 15572 | G9: 16189 | H9: 14738 | I9: 16257 | J9: 19224 | K9: 17413 | L9: 15183 | M9: 13965 | N9: 12280 | O9: 12174 | P9: 13700 | Q9: 12085 | R9: 10213 | S9: 8423 | T9: 6555 | U9: 4897 | V9: 3685 | W9: 2737
A10: Baabda | B10: 408641 | C10: 0.10574785 | D10: 213123 | E10: 195518 | F10: 29556 | G10: 30728 | H10: 27973 | I10: 30857 | J10: 36487 | K10: 33052 | L10: 28819 | M10: 26509 | N10: 23309 | O10: 23108 | P10: 26004 | Q10: 22938 | R10: 19385 | S10: 15988 | T10: 12443 | U10: 9295 | V10: 6995 | W10: 5195
A11: Chouf | B11: 208477 | C11: 0.053949542 | D11: 106086 | E11: 102391 | F11: 15079 | G11: 15676 | H11: 14271 | I11: 15743 | J11: 18614 | K11: 16863 | L11: 14703 | M11: 13524 | N11: 11892 | O11: 11789 | P11: 13266 | Q11: 11703 | R11: 9890 | S11: 8156 | T11: 6348 | U11: 4742 | V11: 3568 | W11: 2650
A12: El Meten | B12: 396657 | C12: 0.10264664 | D12: 202787 | E12: 193870 | F12: 28689 | G12: 29827 | H12: 27152 | I12: 29953 | J12: 35419 | K12: 32083 | L12: 27974 | M12: 25731 | N12: 22625 | O12: 22430 | P12: 25242 | Q12: 22265 | R12: 18816 | S12: 15518 | T12: 12078 | U12: 9023 | V12: 6789 | W12: 5043
A13: Jbeil | B13: 115293 | C13: 0.029835447 | D13: 60010 | E13: 55283 | F13: 8339 | G13: 8669 | H13: 7892 | I13: 8706 | J13: 10295 | K13: 9325 | L13: 8131 | M13: 7479 | N13: 6577 | O13: 6520 | P13: 7336 | Q13: 6472 | R13: 5469 | S13: 4510 | T13: 3510 | U13: 2623 | V13: 1974 | W13: 1466
... A27: Sour | B27: 181467 | C27: 0.046959912 | D27: 95087 | E27: 86380 | F27: 14667 | G27: 16509 | H27: 16117 | I27: 17018 | J27: 16646 | K27: 13501 | L27: 11325 | M27: 10931 | N27: 10305 | O27: 9751 | P27: 10325 | Q27: 9887 | R27: 7450 | S27: 6181 | T27: 4564 | U27: 3065 | V27: 1957 | W27: 1268

Sheet SYR_BY_GOVERNORATE
A1: Governorate | B1: Syrian_Est | C1: Distribution % | D1: All Syrians Female | E1: All Syrians Male | F1: Age 0 - 4 | G1: 5 - 9 | H1: 10 - 14 | I1: 15 - 19 | J1: 20 - 24 | K1: 25 - 29 | L1: 30 - 34 | M1: 35 - 39 | N1: 40 - 44 | O1: 45 - 49 | P1: 50 - 54 | Q1: 55 - 59 | R1: 60 - 64 | S1: 65 - 69 | T1: 70 - 74 | U1: 75 - 79 | V1: 80 - 84 | W1: 85 and above
A2: Akkar | B2: 159782 | C2: 0.1426625 | D2: 80746 | E2: 79036 | F2: 19557 | G2: 28282 | H2: 21666 | I2: 18320 | J2: 13899 | K2: 11885 | L2: 9667 | M2: 9892 | N2: 8340 | O2: 5887 | P2: 4205 | Q2: 3082 | R2: 1991 | S2: 1448 | T2: 789 | U2: 476 | V2: 193 | W2: 203
A3: Baalbek-El Hermel | B3: 185902 | C3: 0.16598393 | D3: 96596 | E3: 89306 | F3: 23274 | G3: 33236 | H3: 26007 | I3: 21654 | J3: 16354 | K3: 13722 | L3: 10453 | M3: 10874 | N3: 9454 | O3: 6999 | P3: 4726 | Q3: 3601 | R3: 2250 | S3: 1470 | T3: 833 | U3: 556 | V3: 225 | W3: 214
A4: Beirut | B4: 32892 | C4: 0.029367857 | D4: 15657 | E4: 17235 | F4: 3745 | G4: 5382 | H4: 4327 | I4: 3288 | J4: 2847 | K4: 2916 | L4: 2444 | M4: 2579 | N4: 2126 | O4: 1264 | P4: 769 | Q4: 533 | R4: 293 | S4: 191 | T4: 94 | U4: 53 | V4: 27 | W4: 14
A5: Bekaa | B5: 192649 | C5: 0.17200804 | D5: 98595 | E5: 94054 | F5: 23330 | G5: 34823 | H5: 27508 | I5: 22254 | J5: 16676 | K5: 14024 | L5: 11036 | M5: 11762 | N5: 10219 | O5: 7258 | P5: 4942 | Q5: 3542 | R5: 2205 | S5: 1414 | T5: 759 | U5: 493 | V5: 225 | W5: 179
A6: Mount Lebanon | B6: 309374 | C6: 0.27622679 | D6: 149452 | E6: 159922 | F6: 36768 | G6: 52451 | H6: 41612 | I6: 31539 | J6: 26221 | K6: 25624 | L6: 22333 | M6: 24474 | N6: 19469 | O6: 11557 | P6: 7071 | Q6: 4657 | R6: 2642 | S6: 1579 | T6: 751 | U6: 369 | V6: 144 | W6: 113
A7: Nabatieh | B7: 37912 | C7: 0.03385 | D7: 18760 | E7: 19152 | F7: 4294 | G7: 6668 | H7: 5814 | I7: 4234 | J7: 3263 | K7: 2886 | L7: 2334 | M7: 2734 | N7: 2274 | O7: 1410 | P7: 880 | Q7: 507 | R7: 290 | S7: 168 | T7: 80 | U7: 45 | V7: 18 | W7: 13
A8: North | B8: 126799 | C8: 0.11321339 | D8: 62888 | E8: 63911 | F8: 14419 | G8: 21420 | H8: 17000 | I8: 13744 | J8: 11088 | K8: 10091 | L8: 8710 | M8: 8809 | N8: 7284 | O8: 4893 | P8: 3295 | Q8: 2374 | R8: 1592 | S8: 1009 | T8: 586 | U8: 272 | V8: 109 | W8: 104
A9: South | B9: 74690 | C9: 0.0666875 | D9: 37579 | E9: 37111 | F9: 8593 | G9: 12930 | H9: 10852 | I9: 8550 | J9: 6496 | K9: 5621 | L9: 4594 | M9: 5203 | N9: 4479 | O9: 2937 | P9: 1733 | Q9: 1212 | R9: 676 | S9: 399 | T9: 212 | U9: 112 | V9: 53 | W9: 38

Sheet SYR_BY_DISTRICT
A1: District | B1: Syrian_Est | C1: Distribution % | D1: All Syrians Female | E1: All Syrians Male | F1: Age 0 - 4 | G1: 5 - 9 | H1: 10 - 14 | I1: 15 - 19 | J1: 20 - 24 | K1: 25 - 29 | L1: 30 - 34 | M1: 35 - 39 | N1: 40 - 44 | O1: 45 - 49 | P1: 50 - 54 | Q1: 55 - 59 | R1: 60 - 64 | S1: 65 - 69 | T1: 70 - 74 | U1: 75 - 79 | V1: 80 - 84 | W1: 85 and above
A2: Akkar | B2: 159782 | C2: 0.1426625 | D2: 80746 | E2: 79036 | F2: 19557 | G2: 28282 | H2: 21666 | I2: 18320 | J2: 13899 | K2: 11885 | L2: 9667 | M2: 9892 | N2: 8340 | O2: 5887 | P2: 4205 | Q2: 3082 | R2: 1991 | S2: 1448 | T2: 789 | U2: 476 | V2: 193 | W2: 203
A3: Baalbek | B3: 152628 | C3: 0.136275 | D3: 78424 | E3: 74204 | F3: 19246 | G3: 27070 | H3: 20754 | I3: 17635 | J3: 13558 | K3: 11515 | L3: 8775 | M3: 8981 | N3: 7759 | O3: 5729 | P3: 3946 | Q3: 3028 | R3: 1917 | S3: 1204 | T3: 659 | U3: 468 | V3: 189 | W3: 195
A4: El Hermel | B4: 33274 | C4: 0.029708929 | D4: 18172 | E4: 15102 | F4: 4028 | G4: 6166 | H4: 5253 | I4: 4019 | J4: 2796 | K4: 2207 | L4: 1678 | M4: 1893 | N4: 1695 | O4: 1270 | P4: 780 | Q4: 573 | R4: 333 | S4: 266 | T4: 174 | U4: 88 | V4: 36 | W4: 19
A5: Beirut | B5: 32892 | C5: 0.029367857 | D5: 15657 | E5: 17235 | F5: 3745 | G5: 5382 | H5: 4327 | I5: 3288 | J5: 2847 | K5: 2916 | L5: 2444 | M5: 2579 | N5: 2126 | O5: 1264 | P5: 769 | Q5: 533 | R5: 293 | S5: 191 | T5: 94 | U5: 53 | V5: 27 | W5: 14
A6: Rachaya | B6: 4031 | C6: 0.0035991071 | D6: 2020 | E6: 2011 | F6: 422 | G6: 666 | H6: 545 | I6: 467 | J6: 347 | K6: 326 | L6: 266 | M6: 281 | N6: 240 | O6: 165 | P6: 117 | Q6: 83 | R6: 48 | S6: 27 | T6: 16 | U6: 9 | V6: 4 | W6: 2
A7: West Bekaa | B7: 52586 | C7: 0.046951786 | D7: 26716 | E7: 25870 | F7: 6393 | G7: 9183 | H7: 7426 | I7: 6259 | J7: 4688 | K7: 3785 | L7: 3008 | M7: 3224 | N7: 2844 | O7: 2029 | P7: 1356 | Q7: 994 | R7: 593 | S7: 378 | T7: 194 | U7: 124 | V7: 58 | W7: 50
A8: Zahle | B8: 136032 | C8: 0.12145714 | D8: 69859 | E8: 66173 | F8: 16515 | G8: 24974 | H8: 19537 | I8: 15528 | J8: 11641 | K8: 9913 | L8: 7762 | M8: 8257 | N8: 7135 | O8: 5064 | P8: 3469 | Q8: 2465 | R8: 1564 | S8: 1009 | T8: 549 | U8: 360 | V8: 163 | W8: 127
A9: Aley | B9: 67499 | C9: 0.060266964 | D9: 32974 | E9: 34525 | F9: 7880 | G9: 11490 | H9: 9273 | I9: 7001 | J9: 5581 | K9: 5560 | L9: 4785 | M9: 5321 | N9: 4142 | O9: 2562 | P9: 1604 | Q9: 1010 | R9: 628 | S9: 373 | T9: 151 | U9: 72 | V9: 37 | W9: 29
A10: Baabda | B10: 112767 | C10: 0.10068482 | D10: 54691 | E10: 58076 | F10: 14164 | G10: 19850 | H10: 15682 | I10: 11646 | J10: 9863 | K10: 9246 | L10: 7682 | M10: 8441 | N10: 6719 | O10: 3891 | P10: 2321 | Q10: 1573 | R10: 795 | S10: 471 | T10: 238 | U10: 107 | V10: 40 | W10: 38
A11: Chouf | B11: 46686 | C11: 0.041683929 | D11: 22965 | E11: 23721 | F11: 5110 | G11: 7813 | H11: 6617 | I11: 5256 | J11: 3956 | K11: 3478 | L11: 3160 | M11: 3454 | N11: 3044 | O11: 1860 | P11: 1175 | Q11: 772 | R11: 480 | S11: 264 | T11: 129 | U11: 72 | V11: 31 | W11: 15
A12: El Meten | B12: 52252 | C12: 0.046653571 | D12: 24563 | E12: 27689 | F12: 6234 | G12: 8340 | H12: 6073 | I12: 4661 | J12: 4411 | K12: 4823 | L12: 4241 | M12: 4654 | N12: 3503 | O12: 2027 | P12: 1249 | Q12: 883 | R12: 512 | S12: 336 | T12: 168 | U12: 87 | V12: 28 | W12: 22
A13: Jbeil | B13: 10733 | C13: 0.0095830357 | D13: 5173 | E13: 5560 | F13: 1187 | G13: 1790 | H13: 1493 | I13: 1156 | J13: 854 | K13: 840 | L13: 784 | M13: 891 | N13: 740 | O13: 438 | P13: 268 | Q13: 135 | R13: 79 | S13: 38 | T13: 21 | U13: 11 | V13: 5 | W13: 3
... A27: Sour | B27: 27523 | C27: 0.024574107 | D27: 13926 | E27: 13597 | F27: 3212 | G27: 4805 | H27: 4008 | I27: 3165 | J27: 2398 | K27: 2116 | L27: 1694 | M27: 1904 | N27: 1618 | O27: 1037 | P27: 619 | Q27: 435 | R27: 250 | S27: 124 | T27: 65 | U27: 39 | V27: 21 | W27: 13

Sheet PAL_BY_GOVERNORATE
A1: Governorate | B1: PRL - Camps Population | C1: PRL - Gatherings Population | D1: Total PRL | E1: PRS in Camps | F1: PRS outside Camps | G1: Total PRS | H1: TOTAL PALESTINIANS | I1: Distribution % | J1: All Palestinian Female | K1: All Palestinian Male | L1: Age 0 - 4 | M1: 5 - 9 | N1: 10 - 14 | O1: 15 - 19 | P1: 20 - 24 | Q1: 25 - 29 | R1: 30 - 34 | S1: 35 - 39 | T1: 40 - 44 | U1: 45 - 49 | V1: 50 - 54 | W1: 55 - 59 | X1: 60 - 64 | Y1: 65 - 69 | Z1: 70 - 74 | AA1: 75 - 79 | AB1: 80 - 84 | AC1: 85 and above
A2: Akkar | B2: 25733 | D2: 25733 | E2: 1383 | G2: 1383 | H2: 27116 | I2: 0.12062761 | J2: 13933 | K2: 13183 | L2: 2198 | M2: 3120 | N2: 3345 | O2: 2729 | P2: 2156 | Q2: 1997 | R2: 1945 | S2: 1784 | T2: 1557 | U2: 1250 | V2: 1187 | W2: 1106 | X2: 1039 | Y2: 706 | Z2: 427 | AA2: 236 | AB2: 204 | AC2: 130
A3: Baalbek-El Hermel | B3: 1822 | C3: 1256 | D3: 3078 | E3: 518 | F3: 733 | G3: 1251 | H3: 4329 | I3: 0.019257888 | J3: 2376 | K3: 1953 | L3: 234 | M3: 370 | N3: 434 | O3: 444 | P3: 339 | Q3: 320 | R3: 274 | S3: 280 | T3: 270 | U3: 240 | V3: 258 | W3: 241 | X3: 251 | Y3: 143 | Z3: 101 | AA3: 56 | AB3: 40 | AC3: 34
A4: Beirut | B4: 445 | C4: 6207 | D4: 6652 | E4: 87 | F4: 432 | G4: 519 | H4: 7171 | I4: 0.031900743 | J4: 3593 | K4: 3578 | L4: 407 | M4: 644 | N4: 756 | O4: 645 | P4: 314 | Q4: 324 | R4: 314 | S4: 400 | T4: 418 | U4: 409 | V4: 382 | W4: 355 | X4: 483 | Y4: 449 | Z4: 329 | AA4: 244 | AB4: 171 | AC4: 127
A5: Bekaa | C5: 7519 | D5: 7519 | F5: 2976 | G5: 2976 | H5: 10495 | I5: 0.046687812 | J5: 5475 | K5: 5020 | L5: 719 | M5: 1113 | N5: 1094 | O5: 1085 | P5: 746 | Q5: 714 | R5: 769 | S5: 674 | T5: 647 | U5: 545 | V5: 522 | W5: 509 | X5: 513 | Y5: 338 | Z5: 217 | AA5: 120 | AB5: 104 | AC5: 66
A6: Mount Lebanon | C6: 2657 | D6: 2657 | F6: 404 | G6: 404 | H6: 3061 | I6: 0.013617093 | J6: 1523 | K6: 1538 | L6: 213 | M6: 313 | N6: 385 | O6: 294 | P6: 140 | Q6: 148 | R6: 169 | S6: 184 | T6: 153 | U6: 135 | V6: 148 | W6: 121 | X6: 209 | Y6: 180 | Z6: 117 | AA6: 67 | AB6: 48 | AC6: 37
A7: Nabatieh | B7: 13370 | C7: 22380 | D7: 35750 | E7: 1966 | F7: 3331 | G7: 5297 | H7: 41047 | I7: 0.18260073 | J7: 21099 | K7: 19948 | L7: 2539 | M7: 3915 | N7: 4261 | O7: 4184 | P7: 2572 | Q7: 2364 | R7: 2364 | S7: 2471 | T7: 2338 | U7: 2239 | V7: 2103 | W7: 1943 | X7: 2456 | Y7: 1957 | Z7: 1218 | AA7: 924 | AB7: 749 | AC7: 450
A8: North | B8: 13486 | C8: 5017 | D8: 18503 | E8: 1606 | F8: 772 | G8: 2378 | H8: 20881 | I8: 0.09289073 | J8: 10810 | K8: 10071 | L8: 1492 | M8: 2018 | N8: 2306 | O8: 2067 | P8: 1573 | Q8: 1467 | R8: 1419 | S8: 1327 | T8: 1232 | U8: 1081 | V8: 1071 | W8: 996 | X8: 1023 | Y8: 673 | Z8: 451 | AA8: 310 | AB8: 250 | AC8: 125
A9: South | B9: 57179 | C9: 44065 | D9: 101244 | E9: 5620 | F9: 3827 | G9: 9447 | H9: 110691 | I9: 0.4924174 | J9: 58380 | K9: 52311 | L9: 7513 | M9: 10823 | N9: 11348 | O9: 10809 | P9: 7880 | Q9: 7376 | R9: 7534 | S9: 6997 | T9: 5982 | U9: 5667 | V9: 5618 | W9: 5761 | X9: 6177 | Y9: 4180 | Z9: 2758 | AA9: 1804 | AB9: 1489 | AC9: 975

Sheet PAL_BY_DISTRICT
A1: Governorate | B1: PRL - Camps Population | C1: PRL - Gatherings Population | D1: Total PRL | E1: PRS in Camps | F1: PRS outside Camps | G1: Total PRS | H1: TOTAL PALESTINIANS | I1: Distribution % | J1: All Palestinian Female | K1: All Palestinian Male | L1: Age 0 - 4 | M1: 5 - 9 | N1: 10 - 14 | O1: 15 - 19 | P1: 20 - 24 | Q1: 25 - 29 | R1: 30 - 34 | S1: 35 - 39 | T1: 40 - 44 | U1: 45 - 49 | V1: 50 - 54 | W1: 55 - 59 | X1: 60 - 64 | Y1: 65 - 69 | Z1: 70 - 74 | AA1: 75 - 79 | AB1: 80 - 84 | AC1: 85 and above
A2: Akkar | B2: 25733 | D2: 25733 | E2: 1383 | G2: 1383 | H2: 27116 | I2: 0.12062761 | J2: 13933 | K2: 13183 | L2: 2198 | M2: 3120 | N2: 3345 | O2: 2729 | P2: 2156 | Q2: 1997 | R2: 1945 | S2: 1784 | T2: 1557 | U2: 1250 | V2: 1187 | W2: 1106 | X2: 1039 | Y2: 706 | Z2: 427 | AA2: 236 | AB2: 204 | AC2: 130
A3: Baalbek | B3: 1822 | C3: 1256 | D3: 3078 | E3: 518 | F3: 733 | G3: 1251 | H3: 4329 | I3: 0.019257888 | J3: 2376 | K3: 1953 | L3: 234 | M3: 370 | N3: 434 | O3: 444 | P3: 339 | Q3: 320 | R3: 274 | S3: 280 | T3: 270 | U3: 240 | V3: 258 | W3: 241 | X3: 251 | Y3: 143 | Z3: 101 | AA3: 56 | AB3: 40 | AC3: 34
A4: El Hermel | D4: 0 | G4: 0 | H4: 0 | I4: 0
A5: Beirut | B5: 445 | C5: 6207 | D5: 6652 | E5: 87 | F5: 432 | G5: 519 | H5: 7171 | I5: 0.031900743 | J5: 3593 | K5: 3578 | L5: 407 | M5: 644 | N5: 756 | O5: 645 | P5: 314 | Q5: 324 | R5: 314 | S5: 400 | T5: 418 | U5: 409 | V5: 382 | W5: 355 | X5: 483 | Y5: 449 | Z5: 329 | AA5: 244 | AB5: 171 | AC5: 127
A6: Rachaya | D6: 0 | G6: 0 | H6: 0 | I6: 0
A7: West Bekaa | C7: 1015 | D7: 1015 | F7: 716 | G7: 716 | H7: 1731 | I7: 0.0077004862 | J7: 910 | K7: 821 | L7: 130 | M7: 148 | N7: 191 | O7: 197 | P7: 114 | Q7: 121 | R7: 141 | S7: 101 | T7: 92 | U7: 78 | V7: 83 | W7: 97 | X7: 85 | Y7: 57 | Z7: 36 | AA7: 33 | AB7: 20 | AC7: 7
A8: Zahle | C8: 6504 | D8: 6504 | F8: 2260 | G8: 2260 | H8: 8764 | I8: 0.038987326 | J8: 4565 | K8: 4199 | L8: 589 | M8: 965 | N8: 903 | O8: 888 | P8: 632 | Q8: 593 | R8: 628 | S8: 573 | T8: 555 | U8: 467 | V8: 439 | W8: 412 | X8: 428 | Y8: 281 | Z8: 181 | AA8: 87 | AB8: 84 | AC8: 59
A9: Aley | C9: 2385 | D9: 2385 | F9: 554 | G9: 554 | H9: 2939 | I9: 0.013074367 | J9: 1513 | K9: 1426 | L9: 178 | M9: 229 | N9: 307 | O9: 319 | P9: 190 | Q9: 154 | R9: 144 | S9: 162 | T9: 156 | U9: 164 | V9: 142 | W9: 122 | X9: 197 | Y9: 176 | Z9: 120 | AA9: 77 | AB9: 57 | AC9: 45
A10: Baabda | B10: 12603 | C10: 10587 | D10: 23190 | E10: 1965 | F10: 1033 | G10: 2998 | H10: 26188 | I10: 0.11649933 | J10: 13408 | K10: 12780 | L10: 1665 | M10: 2613 | N10: 2750 | O10: 2625 | P10: 1663 | Q10: 1564 | R10: 1562 | S10: 1574 | T10: 1495 | U10: 1382 | V10: 1365 | W10: 1241 | X10: 1554 | Y10: 1185 | Z10: 716 | AA10: 518 | AB10: 451 | AC10: 265
A11: Chouf | C11: 8213 | D11: 8213 | F11: 1580 | G11: 1580 | H11: 9793 | I11: 0.043564911 | J11: 5068 | K11: 4725 | L11: 623 | M11: 1003 | N11: 1085 | O11: 1107 | P11: 629 | Q11: 554 | R11: 564 | S11: 638 | T11: 584 | U11: 594 | V11: 482 | W11: 407 | X11: 483 | Y11: 382 | Z11: 237 | AA11: 198 | AB11: 137 | AC11: 86
A12: El Meten | B12: 767 | C12: 1069 | D12: 1836 | E12: 1 | F12: 82 | G12: 83 | H12: 1919 | I12: 0.0085368186 | J12: 1024 | K12: 895 | L12: 67 | M12: 54 | N12: 100 | O12: 110 | P12: 74 | Q12: 75 | R12: 79 | S12: 91 | T12: 95 | U12: 86 | V12: 100 | W12: 159 | X12: 212 | Y12: 200 | Z12: 141 | AA12: 124 | AB12: 100 | AC12: 52
A13: Jbeil | D13: 0 | G13: 0 | H13: 0 | I13: 0
A14: Kesrwane | C14: 126 | D14: 126 | F14: 82 | G14: 82 | H14: 208 | I14: 0.00092530395 | J14: 86 | K14: 122 | L14: 6 | M14: 16 | N14: 19 | O14: 23 | P14: 16 | Q14: 17 | R14: 15 | S14: 6 | T14: 8 | U14: 13 | V14: 14 | W14: 14 | X14: 10 | Y14: 14 | Z14: 4 | AA14: 7 | AB14: 4 | AC14: 2
A15: Bent Jbeil | C15: 184 | D15: 184 | F15: 48 | G15: 48 | H15: 232 | I15: 0.0010320698 | J15: 141 | K15: 91 | L15: 11 | M15: 22 | N15: 23 | O15: 14 | P15: 13 | Q15: 10 | R15: 12 | S15: 19 | T15: 12 | U15: 10 | V15: 12 | W15: 16 | X15: 16 | Y15: 14 | Z15: 8 | AA15: 7 | AB15: 5 | AC15: 8
A16: El Nabatieh | C16: 2349 | D16: 2349 | F16: 332 | G16: 332 | H16: 2681 | I16: 0.011926634 | J16: 1324 | K16: 1357 | L16: 191 | M16: 269 | N16: 341 | O16: 264 | P16: 118 | Q16: 130 | R16: 148 | S16: 153 | T16: 136 | U16: 116 | V16: 131 | W16: 104 | X16: 186 | Y16: 161 | Z16: 108 | AA16: 58 | AB16: 41 | AC16: 26
A17: Hasbaya | D17: 0 | G17: 0 | H17: 0 | I17: 0
A18: Marjaayoun | C18: 124 | D18: 124 | F18: 24 | G18: 24 | H18: 148 | I18: 0.00065838935 | J18: 58 | K18: 90 | L18: 11 | M18: 22 | N18: 21 | O18: 16 | P18: 9 | Q18: 8 | R18: 9 | S18: 12 | T18: 5 | U18: 9 | V18: 5 | W18: 1 | X18: 7 | Y18: 5 | Z18: 1 | AA18: 2 | AB18: 2 | AC18: 3
A19: Bcharre | D19: 0 | G19: 0 | H19: 0 | I19: 0
A20: El Batroun | D20: 0 | G20: 0 | H20: 0 | I20: 0
A21: El Koura | D21: 0 | G21: 0 | H21: 0 | I21: 0
A22: El Minieh-Dennie | B22: 13486 | C22: 1701 | D22: 15187 | E22: 1606 | F22: 227 | G22: 1833 | H22: 17020 | I22: 0.075714775 | J22: 8773 | K22: 8247 | L22: 1273 | M22: 1705 | N22: 1874 | O22: 1669 | P22: 1305 | Q22: 1226 | R22: 1163 | S22: 1113 | T22: 1020 | U22: 889 | V22: 864 | W22: 843 | X22: 803 | Y22: 497 | Z22: 320 | AA22: 213 | AB22: 160 | AC22: 83
A23: Tripoli | C23: 3316 | D23: 3316 | F23: 545 | G23: 545 | H23: 3861 | I23: 0.017175955 | J23: 2037 | K23: 1824 | L23: 219 | M23: 313 | N23: 432 | O23: 398 | P23: 268 | Q23: 241 | R23: 256 | S23: 214 | T23: 212 | U23: 192 | V23: 207 | W23: 153 | X23: 220 | Y23: 176 | Z23: 131 | AA23: 97 | AB23: 90 | AC23: 42
A24: Zgharta | D24: 0 | G24: 0 | H24: 0 | I24: 0
A25: Jezzine | D25: 0 | G25: 0 | H25: 0 | I25: 0
A26: Saida | B26: 32151 | C26: 29946 | D26: 62097 | E26: 3028 | F26: 2565 | G26: 5593 | H26: 67690 | I26: 0.30112416 | J26: 35620 | K26: 32070 | L26: 4733 | M26: 6724 | N26: 6928 | O26: 6655 | P26: 4644 | Q26: 4579 | R26: 4768 | S26: 4387 | T26: 3650 | U26: 3470 | V26: 3279 | W26: 3362 | X26: 3732 | Y26: 2571 | Z26: 1701 | AA26: 1117 | AB26: 867 | AC26: 523
A27: Sour | B27: 25028 | C27: 14119 | D27: 39147 | E27: 2592 | F27: 1262 | G27: 3854 | H27: 43001 | I27: 0.19129325 | J27: 22760 | K27: 20241 | L27: 2780 | M27: 4099 | N27: 4420 | O27: 4154 | P27: 3236 | Q27: 2797 | R27: 2766 | S27: 2610 | T27: 2332 | U27: 2197 | V27: 2339 | W27: 2399 | X27: 2445 | Y27: 1609 | Z27: 1057 | AA27: 687 | AB27: 622 | AC27: 452

Sheet LEB_SOURCES
A1: Source for Lebanese:
A2: Labour Force and Household Living Conditions Survey (LFHLCS) 2018–2019 (CAS, ILO)
A3: IOM/DTM Round 87, As of 31 May 2025

Sheet PAL_SOURCES
A1: Source for Palestinians:
A2: PRS data: UNRWA 2024 Digital Individual Verification Data
A3: PRL data: UNRWA annual average service delivery reports (all services)

Sheet SYR_SOURCES
A1: Source for Syrians:
A2: UNHCR Registration and Assistance Databases (as of 30 July 2025)
A3: The updated number of Syrians in Lebanon reflects a change based on four factors:
A4: (1) Individuals who have been inactivated from UNHCR’s registration records due to verified or presumed spontaneous/unassisted return in 2025.
A5: (2) Those who returned in 2025 through UNHCR’s facilitated return programme.
A6: (3) Those expected to return and inactivated by mid-2026.
A7: (4) New arrivals who entered Lebanon after December 2024.
A8: The total number of displaced Syrians in Lebanon for 2026 is calculated after taking into account the number of Syrians who have returned to Syria, the number of Syrians estimated to return by mid-2026, the number of Syrians who were inactivated from UNHCR’s database, and the number of Syrians who newly arrived in Lebanon after December 8, 2024. The resulting total 1.12 million displaced Syrians includes 1 million displaced Syrians who have not yet returned to Syria and 120,000 newly arrived after December 8, 2024.
